{
    "learning_rate": 0.0007637266227257369,
    "n_steps": 328,
    "batch_size": 32,
    "n_epochs": 9,
    "gamma": 0.9551700777519031,
    "gae_lambda": 0.9000475090505334,
    "clip_range": 0.3262636339024244,
    "ent_coef": 0.07841623467325504,
    "vf_coef": 0.9649953875278763,
    "max_grad_norm": 0.7581785645682491
}